{"sysVersion":"{\"version\":\"10.0.2302.02\",\"remindDay\":7,\"companyName\":\"上海田亩\",\"crmId\":100504500000618259}","ietype":"ebuilder","tenantKey":"thfnde9fvr","exportIdIetype":"{\"970636907845246977\":\"ebuilder\"}","appName":"门店销售管理","ip":"222.64.109.254","employeeId":"7799104452594022103","userName":"曹文","moduleEcodeMap":"{\"weaver-ebuilder-app-service\":{}}","homologyMarkerField":"{\"970636907845246977\":\"970636907845246977\"}","exportTime":"2024-03-04 11:29:41","exportType":"complete","appId":"970636907845246977","serviceList":"[\"weaver-cusapp-service\",\"weaver-ebuilder-designer-service\",\"weaver-ebuilder-app-service\",\"weaver-data-model-service\",\"weaver-ebuilder-form-service\",\"weaver-ebuilder-page-service\"]","ietypeModuleDetailMap":"{}","device":"Mozilla/5.0 (Macintosh; Intel Mac OS X 10_15_7) AppleWebKit/537.36 (KHTML, like Gecko) Chrome/122.0.0.0 Safari/537.36","taskId":"972049574262890496"}