[{"columnCache":"id","deleteType":0,"eId":"edc_report_dev","foreginKey":"appid=$appid$;group_id=$edc_report_group.id$","iOrder":"1","id":1,"ieType":"ebuilder,eb_edcreportd","moduleName":"weaver-edcreportd-service","optType":1,"primaryKey":"id","primaryKeyRule":"","schemaStorage":"edcreportdev","selectContent":"","services":"weaver-edcreportd-service","tableNames":"edc_report_dev","whereCondition":"appid=$appid$"},{"columnCache":"dataset_id","deleteType":0,"eId":"edc_reportdsref_dev","foreginKey":"report_id=$edc_report_dev.id$;dataset_id=$edc_dataset_dev.id$","iOrder":"2","id":2,"ieType":"ebuilder,eb_edcreportd","jsonPriColumn":"allfields=edc_dataset_dev+ebdf_obj+dataset+ebdf_field+ebdf_option","moduleName":"weaver-edcreportd-service","optType":1,"primaryKey":"id","primaryKeyRule":"","schemaStorage":"edcreportdev","selectContent":"","services":"weaver-edcreportd-service","tableNames":"edc_reportdsref_dev","whereCondition":"report_id in $edc_report_dev.id$"},{"deleteType":0,"eId":"edc_report_group","foreginKey":"appid=$appid$","iOrder":"3","id":3,"ieType":"ebuilder,eb_edcreportd","moduleName":"weaver-edcreportd-service","optType":1,"primaryKey":"id","primaryKeyRule":"","schemaStorage":"edcreportdev","selectContent":"","services":"weaver-edcreportd-service","tableNames":"edc_report_group","whereCondition":"appid=$appid$"},{"columnCache":"id,table_name_suffix","deleteType":0,"eId":"edc_reportsheetprops_dev","foreginKey":"sheet_id=$edc_report_dev.id$","iOrder":"4","id":4,"ieType":"ebuilder,eb_edcreportd","moduleName":"weaver-edcreportd-service","optType":1,"primaryKey":"id","primaryKeyRule":"","schemaStorage":"edcreportdev","selectContent":"","services":"weaver-edcreportd-service","tableNames":"edc_reportsheetprops_dev","whereCondition":"sheet_id in $edc_report_dev.id$"},{"deleteType":0,"eId":"edc_reportsheetfield_dev","foreginKey":"report_sheet_id=$edc_report_dev.id$;data_set_id=$edc_dataset_dev.id$;field_key=$edc_system_datasetdt_dev.id$","iOrder":"5","id":5,"ieType":"ebuilder,eb_edcreportd","jsonPriColumn":"name_index=edc_dataset_dev+ebdf_obj+ebdf_field+ebdf_option,field_key=edc_dataset_dev+ebdf_obj+ebdf_field+ebdf_option,style=edc_dataset_dev+ebdf_obj+ebdf_field+ebdf_option,name=edc_dataset_dev+ebdf_obj+ebdf_field+ebdf_option,left_filter_field=edc_dataset_dev+ebdf_obj+ebdf_field+ebdf_option,top_filter_field=edc_dataset_dev+ebdf_obj+ebdf_field+ebdf_option,custom_filter_field=edc_dataset_dev+ebdf_obj+ebdf_field+ebdf_option,","moduleName":"weaver-edcreportd-service","optType":1,"primaryKey":"id","primaryKeyRule":"","schemaStorage":"edcreportdev","selectContent":"","services":"weaver-edcreportd-service","tableNames":"edc_reportsheetfield_dev","whereCondition":"report_sheet_id in $edc_report_dev.id$"},{"columnCache":"id,source_id","deleteType":0,"eId":"edc_dataset_dev","foreginKey":"source_id=$ebdf_obj.id|dataset.id|edc_system_dataset_dev.id$","iOrder":"6","id":6,"ieType":"ebuilder,eb_edcreportd","jsonPriColumn":"","moduleName":"weaver-edcreportd-service","optType":1,"primaryKey":"id","primaryKeyRule":"","schemaStorage":"edcreportdev","selectContent":"","services":"weaver-edcreportd-service","tableNames":"edc_dataset_dev","whereCondition":"id in $edc_reportdsref_dev.dataset_id$"},{"deleteType":0,"deleteTypeColumn":"","eId":"edc_reportqueryfield_dev","foreginKey":"sheetId=$edc_report_dev.id$","hisFieldMap":"uuid=id","iOrder":"7","id":7,"ieType":"ebuilder,eb_edcreportd","jsonPriColumn":"conditions=edc_dataset_dev+ebdf_obj+dataset+ebdf_field+ebdf_option,selectOptions=edc_dataset_dev+ebdf_obj+dataset+ebdf_field+ebdf_option,dataSetId=edc_dataset_dev+ebdf_obj+dataset+ebdf_field+ebdf_option,fieldId=edc_dataset_dev+ebdf_obj+dataset+ebdf_field+ebdf_option","moduleName":"weaver-edcreportd-service","optType":1,"primaryKey":"id","primaryKeyRule":"","schemaStorage":"edcreportdev","selectContent":"","services":"weaver-edcreportd-service","specFiled":"conditions","tableNames":"edc_reportqueryfield_dev","whereCondition":"sheetId in $edc_report_dev.id$"},{"columnCache":"id","deleteType":0,"eId":"edc_system_dataset_dev","iOrder":"7","id":631,"ieType":"ebuilder,eb_edcreportd","moduleName":"weaver-edcreportd-service","optType":1,"primaryKey":"id","primaryKeyRule":"","schemaStorage":"edcreportdev","services":"weaver-edcreportd-service","tableNames":"edc_system_dataset_dev","whereCondition":"id in $~NUMBER~edc_dataset_dev.source_id$ || table_name_suffix in $edc_reportsheetprops_dev.table_name_suffix$ and table_name_suffix > 0"},{"deleteType":0,"deleteTypeColumn":"","eId":"edc_reportsheetsplit_dev","foreginKey":"sheetId=$edc_report_dev.id$","iOrder":"8","id":8,"ieType":"ebuilder,eb_edcreportd","moduleName":"weaver-edcreportd-service","notPriGenColumn":"id#idgenerator","optType":1,"primaryKey":"uuid","primaryKeyRule":"EBUILDER_UUID","schemaStorage":"edcreportdev","selectContent":"","services":"weaver-edcreportd-service","tableNames":"edc_reportsheetsplit_dev","updateExcludeColumn":"id","whereCondition":"sheetId in $~STRING~edc_report_dev.id$"},{"deleteType":0,"eId":"edc_reportwk_props_dev","foreginKey":"sheet_id=$edc_report_dev.id$","iOrder":"9","id":9,"ieType":"ebuilder,eb_edcreportd","moduleName":"weaver-edcreportd-service","optType":1,"primaryKey":"id","primaryKeyRule":"","schemaStorage":"edcreportdev","selectContent":"","services":"weaver-edcreportd-service","tableNames":"edc_reportwk_props_dev","whereCondition":"sheet_id in $edc_report_dev.id$"},{"deleteType":0,"eId":"edc_reportdsfilter_dev","foreginKey":"dataSetId=$edc_dataset_dev.id$;parentId=$edc_reportdsfilter_dev.id$","hisFieldMap":"id=uuid","iOrder":"10","id":10,"ieType":"ebuilder,eb_edcreportd","jsonPriColumn":"fieldName=edc_dataset_dev+ebdf_obj+dataset+ebdf_field+ebdf_option","moduleName":"weaver-edcreportd-service","optType":1,"primaryKey":"id","primaryKeyRule":"","schemaStorage":"edcreportdev","selectContent":"","services":"weaver-edcreportd-service","tableNames":"edc_reportdsfilter_dev","whereCondition":"dataSetId in $edc_reportdsref_dev.dataset_id$"},{"deleteType":0,"eId":"edc_reportdsorderby_dev","foreginKey":"dataset_id=$edc_dataset_dev.id$","iOrder":"11","id":11,"ieType":"ebuilder,eb_edcreportd","jsonPriColumn":"name=edc_dataset_dev+ebdf_obj+dataset+ebdf_field+ebdf_option","moduleName":"weaver-edcreportd-service","optType":1,"primaryKey":"id","primaryKeyRule":"","schemaStorage":"edcreportdev","selectContent":"","services":"weaver-edcreportd-service","tableNames":"edc_reportdsorderby_dev","whereCondition":"dataset_id in $edc_reportdsref_dev.dataset_id$"},{"deleteType":0,"eId":"edc_reportdsaggregate_dev","foreginKey":"dataset_id=$edc_dataset_dev.id$","iOrder":"12","id":12,"ieType":"ebuilder,eb_edcreportd","jsonPriColumn":"group_by=edc_dataset_dev+ebdf_obj+dataset+ebdf_field+ebdf_option,field_id=edc_dataset_dev+ebdf_obj+dataset+ebdf_field+ebdf_option,field_name=edc_dataset_dev+ebdf_obj+dataset+ebdf_field+ebdf_option","moduleName":"weaver-edcreportd-service","optType":1,"primaryKey":"id","primaryKeyRule":"","schemaStorage":"edcreportdev","selectContent":"","services":"weaver-edcreportd-service","tableNames":"edc_reportdsaggregate_dev","whereCondition":"dataset_id in $edc_reportdsref_dev.dataset_id$"},{"deleteType":0,"eId":"edc_reportdsfilternew_dev","foreginKey":"dataSetId=$edc_dataset_dev.id$","hisFieldMap":"id=uuid","iOrder":"331","id":331,"ieType":"ebuilder,eb_edcreportd","jsonPriColumn":"indexId=edc_dataset_dev+ebdf_obj+dataset+ebdf_field+ebdf_option,fieldName=edc_dataset_dev+ebdf_obj+dataset+ebdf_field+ebdf_option,objId=edc_dataset_dev+ebdf_obj+dataset+ebdf_field+ebdf_option,conditionsStr=edc_dataset_dev+ebdf_obj+dataset+ebdf_field+ebdf_option","moduleName":"weaver-edcreportd-service","optType":1,"primaryKey":"id","primaryKeyRule":"","schemaStorage":"edcreportdev","selectContent":"","services":"weaver-edcreportd-service","tableNames":"edc_reportdsfilternew_dev","whereCondition":"dataSetId in $edc_reportdsref_dev.dataset_id$"},{"columnCache":"target_id","deleteType":0,"eId":"edc_report_ph_report_view","foreginKey":"source_id=$edc_report_dev.id$;target_id=$auth_role.id$","iOrder":"333","id":333,"ieType":"ebuilder,eb_edcreportd","moduleName":"weaver-edcreportd-service","optType":1,"primaryKey":"id","primaryKeyRule":"","reverseForeignKey":"source_id~edc_report_dev.name","schemaStorage":"edcreportdev","services":"weaver-edcreportd-service","tableNames":"edc_report_ph_report_view","whereCondition":"source_id in $edc_report_dev.id$"},{"deleteType":0,"eId":"edc_dataset_query_info_dev","foreginKey":"dataset_id=$edc_dataset_dev.id$","iOrder":"334","id":609,"ieType":"ebuilder,eb_edcreportd","moduleName":"weaver-edcreportd-service","optType":1,"primaryKey":"id","primaryKeyRule":"","schemaStorage":"edcreportdev","services":"weaver-edcreportd-service","tableNames":"edc_dataset_query_info_dev","whereCondition":"dataset_id in $edc_reportdsref_dev.dataset_id$"},{"columnCache":"","deleteType":0,"eId":"edc_system_datasetdt_dev","foreginKey":"system_dataset_id=$edc_system_dataset_dev.id$;dataset_id=$edc_dataset_dev.id$","iOrder":"632","id":632,"ieType":"ebuilder,eb_edcreportd","moduleName":"weaver-edcreportd-service","optType":1,"primaryKey":"id","primaryKeyRule":"","schemaStorage":"edcreportdev","services":"weaver-edcreportd-service","tableNames":"edc_system_datasetdt_dev","whereCondition":"system_dataset_id in $edc_system_dataset_dev.id$"},{"columnCache":"id","deleteType":0,"eId":"ebdd_page_setting","foreginKey":"","iOrder":"904","id":904,"ieType":"ebuilder,eb_edcreportd","jsonPriColumn":"select_module=ebda_app,select_page=ebdp_page","moduleName":"weaver-edcreportd-service","primaryKey":"id","primaryKeyRule":"$edc_report_dev$","schemaStorage":"statistics","services":"weaver-statistics-service","tableNames":"ebdd_page_setting","whereCondition":"id in $edc_report_dev.id$"},{"columnCache":"id,dataset_group","columnContentReplace":"dataset_sql","compareColumns":"","deleteType":0,"desc":"数据集表","displayField":"dataset_name","eId":"dataset","foreginKey":"dataset_group=$dataset_group.id$","iOrder":"1001","id":1001,"ieType":"ebuilder,eb_edcreportd","jsonPriColumn":"dataset_sql=ebdf_obj+form+ebda_app","moduleName":"weaver-edcreportd-service","optType":5,"primaryKey":"id","primaryKeyRule":"MULTIPROCESS_ONLY:weaver-ebuilder-form-service#form","schemaStorage":"data_base","services":"weaver-data-model-service","tableNames":"dataset","whereCondition":"id in $~NUMBER~edc_dataset_dev.source_id$"},{"cacheColumnConvertRule":"group_path~dataset_group:[0-9]+","cacheWhereCondition":"id in $dataset.dataset_group$","columnCache":"group_path","compareColumns":"group_name","deleteType":0,"desc":"分组表","eId":"dataset_group","foreginKey":"parent_group=$dataset_group.id$","iOrder":"1002","id":1002,"ieType":"ebuilder,eb_edcreportd","jsonPriColumn":"group_path=dataset_group","moduleName":"weaver-edcreportd-service","optType":5,"primaryKey":"id","primaryKeyRule":"MULTIPROCESS_ONLY","schemaStorage":"data_base","services":"weaver-data-model-service","tableNames":"dataset_group","whereCondition":"id in $dataset_group.group_path~dataset_group$"},{"columnCache":"id,dataset_id,dataset_conn_id","deleteType":0,"desc":"关联关系表","eId":"dataset_connection_relation","foreginKey":"dataset_id=$dataset.id$;dataset_conn_id=$dataset_conn.id$","iOrder":"1003","id":1003,"ieType":"ebuilder,eb_edcreportd","moduleName":"weaver-edcreportd-service","optType":5,"primaryKey":"id","primaryKeyRule":"MULTIPROCESS_ONLY","schemaStorage":"data_base","services":"weaver-data-model-service","tableNames":"dataset_connection_relation","whereCondition":"dataset_id in $dataset.id$"},{"columnCache":"id","compareColumns":"","deleteType":0,"desc":"数据连接表","displayField":"conn_name","eId":"dataset_conn","excludeColumn":"","foreginKey":"db_username=$CONSTdefault$;db_password=$CONSTdefault$","iOrder":"1004","id":1004,"ieType":"ebuilder,eb_edcreportd","moduleName":"weaver-edcreportd-service","optType":5,"primaryKey":"id","primaryKeyRule":"MULTIPROCESS_ONLY","schemaStorage":"data_base","services":"weaver-data-model-service","tableNames":"dataset_conn","updateExcludeColumn":"db_username,db_host,db_password","whereCondition":"id in $dataset_connection_relation.dataset_conn_id$"},{"deleteType":0,"deleteTypeColumn":"NO","desc":"数据集表","eId":"t_obj","foreginKey":"id=$dataset.id$","iOrder":"1006","id":1006,"ieType":"ebuilder,eb_edcreportd","moduleName":"weaver-edcreportd-service","optType":5,"primaryKey":"id","primaryKeyRule":"MULTIPROCESS_ONLY:$dataset$","schemaStorage":"data_tenant_1","services":"weaver-data-model-service","tableNames":"t_obj","whereCondition":"id in $~NUMBER~edc_dataset_dev.source_id#dataset.id$"},{"columnCache":"id","deleteType":0,"deleteTypeColumn":"deleted","desc":"模型表","eId":"t_model","foreginKey":"dataset = $dataset.id$;pre_model=$t_model.id$;next_model=$t_model.id$;","iOrder":"1083","id":1083,"ieType":"ebuilder,eb_edcreportd","moduleName":"weaver-edcreportd-service","optType":5,"primaryKey":"id","primaryKeyRule":"MULTIPROCESS_ONLY","schemaStorage":"data_base","services":"weaver-data-model-service","tableNames":"t_model","whereCondition":"dataset in $dataset.id$"},{"columnCache":"id","deleteType":0,"deleteTypeColumn":"deleted","desc":"新增字段表","eId":"t_model_add_field","foreginKey":"model=$t_model.id$;obj_id=$dataset.id$;agg_field=$t_model_addcloum.id|t_field.id|form_field.id|ebdf_field.id$","iOrder":"1084","id":1084,"ieType":"ebuilder,eb_edcreportd","moduleName":"weaver-edcreportd-service","optType":5,"primaryKey":"id","primaryKeyRule":"MULTIPROCESS_ONLY","schemaStorage":"data_base","services":"weaver-data-model-service","tableNames":"t_model_add_field","whereCondition":"model in $t_model.id$"},{"columnCache":"id","columnContentReplace":"key_string,formula","deleteType":0,"deleteTypeColumn":"deleted","desc":"新增列表","eId":"t_model_addcloum","foreginKey":"model=$t_model.id$;field=$t_model_addcloum.id|t_field.id|form_field.id|ebdf_field.id$","iOrder":"1085","id":1085,"ieType":"ebuilder,eb_edcreportd","jsonPriColumn":"formula=t_field+ebdf_field+form_field+dataset_conn,key_string=t_field+ebdf_field+form_field+dataset_conn","moduleName":"weaver-edcreportd-service","optType":5,"primaryKey":"id","primaryKeyRule":"MULTIPROCESS_ONLY","schemaStorage":"data_base","services":"weaver-data-model-service","tableNames":"t_model_addcloum","whereCondition":"model in $t_model.id$"},{"columnCache":"id","columnContentReplace":"key_string","deleteType":0,"deleteTypeColumn":"deleted","desc":"分组汇总表","eId":"t_model_agg_field","foreginKey":"model=$t_model.id$;field=$t_model_addcloum.id|t_field.id|form_field.id|ebdf_field.id$","iOrder":"1086","id":1086,"ieType":"ebuilder,eb_edcreportd","jsonPriColumn":"key_string=dataset_conn+t_model_addcloum+t_field+ebdf_field++form_field","moduleName":"weaver-edcreportd-service","optType":5,"primaryKey":"id","primaryKeyRule":"MULTIPROCESS_ONLY","schemaStorage":"data_base","services":"weaver-data-model-service","tableNames":"t_model_agg_field","whereCondition":"model in $t_model.id$"},{"columnCache":"id","columnContentReplace":"tree_json","createTimeColumn":"NO","creatorColumn":"NO","deleteType":0,"deleteTypeColumn":"NO","desc":"数据过滤表","eId":"t_model_condition_tree","foreginKey":"id=$t_model.id$","iOrder":"1087","id":1087,"ieType":"ebuilder,eb_edcreportd","jsonPriColumn":"tree_json=dataset_conn+t_model_addcloum+ebdf_field+t_field+form_field","moduleName":"weaver-edcreportd-service","optType":5,"primaryKey":"id","primaryKeyRule":"MULTIPROCESS_ONLY:$t_model$","schemaStorage":"data_base","services":"weaver-data-model-service","tableNames":"t_model_condition_tree","updateTimeColumn":"NO","updaterColumn":"NO","whereCondition":"id in $t_model.id$"},{"columnCache":"id","columnContentReplace":"base_key","createTimeColumn":"NO","creatorColumn":"NO","deleteType":0,"deleteTypeColumn":"NO","desc":"源数据表","eId":"t_model_dataset","foreginKey":"model=$t_model.id$;base_dataset=$dataset.id|ebdf_obj.id|form.id|ebda_app.id$;id=$ebdf_obj.id|dataset.id$","iOrder":"1088","id":1088,"ieType":"ebuilder,eb_edcreportd","jsonPriColumn":"base_key=dataset_conn+dataset","moduleName":"weaver-edcreportd-service","optType":5,"primaryKey":"id","primaryKeyRule":"MULTIPROCESS_ONLY","schemaStorage":"data_base","services":"weaver-data-model-service","tableNames":"t_model_dataset","updateTimeColumn":"NO","updaterColumn":"NO","whereCondition":"model in $t_model.id$"},{"columnCache":"id","columnContentReplace":"key_string","deleteType":0,"deleteTypeColumn":"deleted","desc":"字段设置表","eId":"t_model_field_setting","foreginKey":"model=$t_model.id$;field=$t_model_addcloum.id|t_field.id|form_field.id|ebdf_field.id$","iOrder":"1089","id":1089,"ieType":"ebuilder,eb_edcreportd","jsonPriColumn":"key_string=t_model_addcloum+dataset_conn+t_field+form_field+ebdf_field","moduleName":"weaver-edcreportd-service","optType":5,"primaryKey":"id","primaryKeyRule":"MULTIPROCESS_ONLY","schemaStorage":"data_base","services":"weaver-data-model-service","tableNames":"t_model_field_setting","whereCondition":"model in $t_model.id$"},{"columnCache":"id","columnContentReplace":"key_string","deleteType":0,"deleteTypeColumn":"deleted","eId":"t_model_group_field","foreginKey":"model=$t_model.id$;field=$t_model_addcloum.id|t_field.id|form_field.id|ebdf_field.id$","iOrder":"1090","id":1090,"ieType":"ebuilder,eb_edcreportd","jsonPriColumn":"key_string=t_model_addcloum+dataset_conn+t_field+form_field+ebdf_field","moduleName":"weaver-edcreportd-service","optType":5,"primaryKey":"id","primaryKeyRule":"MULTIPROCESS_ONLY","schemaStorage":"data_base","services":"weaver-data-model-service","tableNames":"t_model_group_field","whereCondition":"model in $t_model.id$"},{"columnCache":"id","columnContentReplace":"join_key","createTimeColumn":"NO","creatorColumn":"NO","deleteType":0,"deleteTypeColumn":"NO","desc":"左右链接关联表","eId":"t_model_join","foreginKey":"model=$t_model.id$;join_dataset=$dataset.id$","iOrder":"1091","id":1091,"ieType":"ebuilder,eb_edcreportd","jsonPriColumn":"join_key=dataset_conn+dataset","moduleName":"weaver-edcreportd-service","optType":5,"primaryKey":"id","primaryKeyRule":"MULTIPROCESS_ONLY","schemaStorage":"data_base","services":"weaver-data-model-service","tableNames":"t_model_join","updateTimeColumn":"NO","updaterColumn":"NO","whereCondition":"model in $t_model.id$"},{"columnCache":"id","columnContentReplace":"join_field_string,source_field_string","deleteType":0,"deleteTypeColumn":"deleted","desc":"左右链接关联字段表","eId":"t_model_join_field","foreginKey":"model=$t_model.id$;source_field=$t_model_addcloum.id|t_field.id|form_field.id|ebdf_field.id$;join_field=$t_model_addcloum.id|t_field.id|form_field.id|ebdf_field.id$","iOrder":"1092","id":1092,"ieType":"ebuilder,eb_edcreportd","jsonPriColumn":"join_field_string=dataset_conn+t_model_addcloum+t_field+ebdf_field+form_field,source_field_string=dataset_conn+t_model_addcloum+t_field+ebdf_field+form_field","moduleName":"weaver-edcreportd-service","optType":5,"primaryKey":"id","primaryKeyRule":"MULTIPROCESS_ONLY","schemaStorage":"data_base","services":"weaver-data-model-service","tableNames":"t_model_join_field","whereCondition":"model in $t_model.id$"},{"columnCache":"id","columnContentReplace":"join_key","createTimeColumn":"NO","creatorColumn":"NO","deleteType":0,"deleteTypeColumn":"NO","desc":"上下连接表","eId":"t_model_marge","foreginKey":"model=$t_model.id$;up_down_link_dataset=$dataset.id$","iOrder":"1093","id":1093,"ieType":"ebuilder,eb_edcreportd","jsonPriColumn":"join_key=dataset_conn+dataset","moduleName":"weaver-edcreportd-service","optType":5,"primaryKey":"id","primaryKeyRule":"MULTIPROCESS_ONLY","schemaStorage":"data_base","services":"weaver-data-model-service","tableNames":"t_model_marge","updateTimeColumn":"NO","updaterColumn":"NO","whereCondition":"model in $t_model.id$"},{"columnCache":"id","columnContentReplace":"join_field_string,source_field_string","deleteType":0,"deleteTypeColumn":"deleted","desc":"上下连接字段表","eId":"t_model_marge_field","foreginKey":"model=$t_model.id$;source_field=$t_model_addcloum.id|t_field.id|form_field.id|ebdf_field.id$;join_field=$t_model_addcloum.id|t_field.id|form_field.id|ebdf_field.id$","iOrder":"1094","id":1094,"ieType":"ebuilder,eb_edcreportd","jsonPriColumn":"join_field_string=dataset_conn+t_model_addcloum+t_field+ebdf_field+form_field,source_field_string=dataset_conn+t_model_addcloum+t_field+ebdf_field+form_field","moduleName":"weaver-edcreportd-service","optType":5,"primaryKey":"id","primaryKeyRule":"MULTIPROCESS_ONLY","schemaStorage":"data_base","services":"weaver-data-model-service","tableNames":"t_model_marge_field","whereCondition":"model in $t_model.id$"},{"columnCache":"id","columnContentReplace":"key_string","deleteType":0,"deleteTypeColumn":"deleted","desc":"排序表","eId":"t_model_sorting","foreginKey":"model=$t_model.id$;field=$t_model_addcloum.id|t_field.id|form_field.id|ebdf_field.id$","iOrder":"1095","id":1095,"ieType":"ebuilder,eb_edcreportd","jsonPriColumn":"key_string=t_model_addcloum+dataset_conn+t_field+form_field+ebdf_field","moduleName":"weaver-edcreportd-service","optType":5,"primaryKey":"id","primaryKeyRule":"MULTIPROCESS_ONLY","schemaStorage":"data_base","services":"weaver-data-model-service","tableNames":"t_model_sorting","whereCondition":"model in $t_model.id$"},{"columnCache":"id","createTimeColumn":"NO","creatorColumn":"NO","deleteType":0,"deleteTypeColumn":"NO","desc":"状态表","eId":"dataset_model_result","foreginKey":"dataset = $dataset.id$","iOrder":"1096","id":1096,"ieType":"ebuilder,eb_edcreportd","moduleName":"weaver-edcreportd-service","optType":5,"primaryKey":"id","primaryKeyRule":"MULTIPROCESS_ONLY","schemaStorage":"data_base","services":"weaver-data-model-service","tableNames":"dataset_model_result","updateTimeColumn":"NO","updaterColumn":"NO","whereCondition":"dataset in $dataset.id$"},{"columnCache":"id","createTimeColumn":"NO","creatorColumn":"NO","deleteType":0,"deleteTypeColumn":"NO","desc":"新增分组汇总列表","eId":"t_model_add_group","foreginKey":"cloun_id=$t_model_addcloum.id$","iOrder":"1101","id":1105,"ieType":"ebuilder,eb_edcreportd","moduleName":"weaver-edcreportd-service","optType":5,"primaryKey":"id","primaryKeyRule":"MULTIPROCESS_ONLY","schemaStorage":"data_base","services":"weaver-data-model-service","tableNames":"t_model_add_group","updateTimeColumn":"NO","updaterColumn":"NO","whereCondition":"cloum_id in $t_model_addcloum.id$"},{"columnCache":"id","columnContentReplace":"key_string","createTimeColumn":"NO","creatorColumn":"NO","deleteType":0,"deleteTypeColumn":"deleted","desc":"视图表","eId":"kindred","foreginKey":"dataset_id=$dataset.id$","iOrder":"1106","id":1106,"ieType":"ebuilder,eb_edcreportd","jsonPriColumn":"key_string=dataset_conn+t_field+ebdf_field+form_field","moduleName":"weaver-edcreportd-service","optType":5,"primaryKey":"id","primaryKeyRule":"MULTIPROCESS_ONLY","schemaStorage":"data_base","services":"weaver-data-model-service","tableNames":"kindred","updateTimeColumn":"NO","updaterColumn":"NO","whereCondition":"dataset_id in $dataset.id$"},{"columnCache":"id","deleteType":0,"desc":"报表角色表","eId":"auth_role","existUpdate":"1","foreginKey":"","iOrder":"999990","id":999990,"ieType":"ebuilder,eb_edcreportd","moduleName":"weaver-edcreportd-service","optType":1,"primaryKey":"id","schemaStorage":"eteams","services":"weaver-authority","sqlTablePrefix":"eteams.","tableNames":"auth_role","whereCondition":"id in $edc_report_ph_report_view.target_id$ and role_code is not null"},{"columnCache":"id","deleteType":0,"deleteTypeColumn":"NO","desc":"报表角色权限表","eId":"auth_role_permission_set","existUpdate":"1","foreginKey":"role_id = $auth_role.id$","iOrder":"999991","id":999991,"ieType":"ebuilder,eb_edcreportd","moduleName":"weaver-edcreportd-service","optType":1,"primaryKey":"id","schemaStorage":"eteams","services":"weaver-authority","sqlTablePrefix":"eteams.","tableNames":"auth_role_permission_set","whereCondition":"role_id in $auth_role.id$"}]